{
    "Gradient Boosting 2.0": {
        "training_score": 0.9907676761016441,
        "testing_score": 0.9901562175246817,
        "mae": [
            11.414155220619989,
            99.37295473410335,
            105.31827876403307
        ],
        "mse": [
            472.88568227309645,
            25261.22831402945,
            28427.061924954065
        ],
        "r2": [
            0.9908264144254705,
            0.9892586316833822,
            0.9903836064651927
        ]
    }
}
