{
    "RandomForest 99%": {
        "training_score": 0.9974360979723397,
        "testing_score": 0.9938342784455844,
        "mae": [
            7.944832932075244,
            49.93956426885772,
            53.95740650425274
        ],
        "mse": [
            508.8649323732861,
            10360.374127212304,
            12475.529004193933
        ],
        "r2": [
            0.9901284471533067,
            0.995594648327669,
            0.9957797398557774
        ]
    },
    "Gradient Boosting 99%": {
        "training_score": 0.9907676761016441,
        "testing_score": 0.9901562175246817,
        "mae": [
            11.414155220619989,
            99.37295473410335,
            105.31827876403307
        ],
        "mse": [
            472.88568227309645,
            25261.22831402945,
            28427.061924954065
        ],
        "r2": [
            0.9908264144254705,
            0.9892586316833822,
            0.9903836064651927
        ]
    }
}
