{
    "Random Forest 1.0": {
        "training_score": 0.9975389946957206,
        "testing_score": 0.9942460895946157,
        "mae": [
            7.451111946752442,
            48.90117626630605,
            52.652370503102894
        ],
        "mse": [
            470.97379697555664,
            9878.084003929303,
            11602.58600662564
        ],
        "r2": [
            0.990863503396533,
            0.9957997237018847,
            0.9960750416854295
        ]
    }
}
