{
    "Gradient Boosting 99%": {
        "training_score": 0.9873849134405943,
        "testing_score": 0.9866918803637135,
        "mae": [
            13.149396573029131,
            111.86997979482837,
            118.48982779919112
        ],
        "mse": [
            687.0537753305498,
            33051.6036384697,
            37075.94858504244
        ],
        "r2": [
            0.9866717330666432,
            0.9859460734164498,
            0.9874578346080475
        ]
    }
}
