{
    "RandomForest 99%": {
        "training_score": 0.9975389946957206,
        "testing_score": 0.9942460895946157,
        "mae": [
            7.451111946752442,
            48.90117626630605,
            52.652370503102894
        ],
        "mse": [
            470.97379697555664,
            9878.084003929303,
            11602.58600662564
        ],
        "r2": [
            0.990863503396533,
            0.9957997237018847,
            0.9960750416854295
        ]
    },
    "Gradient Boosting 99%": {
        "training_score": 0.9873849134405943,
        "testing_score": 0.9866918803637135,
        "mae": [
            13.149396573029131,
            111.86997979482837,
            118.48982779919112
        ],
        "mse": [
            687.0537753305498,
            33051.6036384697,
            37075.94858504244
        ],
        "r2": [
            0.9866717330666432,
            0.9859460734164498,
            0.9874578346080475
        ]
    }
}