{
    "Random Forest 2.0": {
        "training_score": 0.9974360979723397,
        "testing_score": 0.9938342784455844,
        "mae": [
            7.944832932075244,
            49.93956426885772,
            53.95740650425274
        ],
        "mse": [
            508.8649323732861,
            10360.374127212304,
            12475.529004193933
        ],
        "r2": [
            0.9901284471533067,
            0.995594648327669,
            0.9957797398557774
        ]
    }
}
